Company,Emails
EverMed DPC,care@evermeddpc.com
Amazing Meds,support@amazing-meds.com
List My Clinic,doctors@3x-1.png
Eastex Urgent Care & Occupational Medicine,doctor@phemo.co.bw
Phemo Clinic,info@clinicheroes.com
Clinic Heroes,info@alliancemedicalclinic.com
"Alliance Medical Clinic, LLC",info@advancedhealthclinic.com
"Advanced Healthcare Clinic, LLC",therapy@jewelsschool.org
JEWELS Pediatric Therapy Clinic,info@revitalizescc.com
Revitalize Spine & Sports Care,drew@dhertz.com
Teknion Health Equity,frontdesk@withcareclinic.com
WithCare Clinic,info@mymemoryclinic.org
My Memory Clinic,csteve@theattachmentclinic.org